created_at;id_str;full_text;quote_count;reply_count;retweet_count;favorite_count;lang;user_id_str;conversation_id_str;username;tweet_url
Wed Nov 08 18:53:14 +0000 2023;1722326428170219996;"Pritttt prittt pritttt";0;0;0;0;en;1406825428342300677;1722326428170219996;pelitaair09;https://twitter.com/pelitaair09/status/1722326428170219996
Wed Nov 08 18:39:27 +0000 2023;1722322960487444529;"@beverlyIaurel Kalo sudah tidak sexually active apakah masih perlu cek kak? Mohon advis üôèüèº";0;1;0;0;in;1406825428342300677;1722219911312007620;pelitaair09;https://twitter.com/pelitaair09/status/1722322960487444529
Wed Nov 08 18:38:23 +0000 2023;1722322689514405896;"Lemperpool dibobol 2x sm ni org bukannya dibeli";0;0;0;0;in;1406825428342300677;1722322689514405896;pelitaair09;https://twitter.com/pelitaair09/status/1722322689514405896
Wed Nov 08 18:36:53 +0000 2023;1722322316028469708;"Alaaaaa";0;0;0;0;und;1406825428342300677;1722322316028469708;pelitaair09;https://twitter.com/pelitaair09/status/1722322316028469708
Wed Nov 08 18:26:33 +0000 2023;1722319713144049777;"@wilisetiadi10 @prihanfakri Ape kate kader partai republikan ni";0;0;0;0;lt;1406825428342300677;1721960509703110736;pelitaair09;https://twitter.com/pelitaair09/status/1722319713144049777
Wed Nov 08 18:26:01 +0000 2023;1722319581241651349;"@theblessedguy Joget apa lu fik di tiktok?";0;1;0;0;in;1406825428342300677;1722258589379862898;pelitaair09;https://twitter.com/pelitaair09/status/1722319581241651349
Wed Nov 08 17:30:52 +0000 2023;1722305701652103460;"kalian harus nyobain naik pelita air sihhhhhh https://t.co/Bfx2oeyCu7";0;2;0;9;in;473916480;1722305701652103460;unniebe;https://twitter.com/unniebe/status/1722305701652103460
Wed Nov 08 14:05:10 +0000 2023;1722253932603576597;"@fajarnugros Garuda, citilink atau pelita air mas?";0;0;0;0;in;69818675;1722216528828158107;JohnT7582;https://twitter.com/JohnT7582/status/1722253932603576597
Wed Nov 08 11:47:38 +0000 2023;1722219323652251755;"Lowongan kerja PT Pelita Air Service (Pelita Air) Lokasi Jakarta https://t.co/40W9Lr8uJV https://t.co/0SMIN3WqXu";0;0;0;0;in;1383673326183141383;1722219323652251755;portalkalbar1;https://twitter.com/portalkalbar1/status/1722219323652251755
Wed Nov 08 10:55:30 +0000 2023;1722206201700925523;"PELUANG EMAS! Lowongan kerja PT Pelita Air Service karir di anak perusahaan Pertamina, potensi dapat gaji besa https://t.co/glXpMNoANw";0;0;0;0;in;1611163314234740736;1722206201700925523;Daniarhm8;https://twitter.com/Daniarhm8/status/1722206201700925523
Wed Nov 08 09:20:32 +0000 2023;1722182303546585528;"Follow @Coltliq90 || Pelita Air Service Jobs: 9 Positions https://t.co/24GLwnp9l8";0;0;0;0;en;2893722433;1722182303546585528;BKNSquare;https://twitter.com/BKNSquare/status/1722182303546585528
Wed Nov 08 08:51:13 +0000 2023;1722174927409922397;"Lowongan Kerja Terbaru PT Pelita Air Service November 2023 https://t.co/R55zjkC5Ks";0;0;0;0;in;1912118184;1722174927409922397;matirobledo_98;https://twitter.com/matirobledo_98/status/1722174927409922397
Wed Nov 08 08:47:35 +0000 2023;1722174012606849326;"@Chast89 We already have it in the app. Just type the name of the airline, Pelita Air, or the code 6D - and you will see their flights. -Alex https://t.co/Ipn7BcZwCb";0;1;0;0;en;497619102;1722070885811818741;appintheair;https://twitter.com/appintheair/status/1722174012606849326
Wed Nov 08 07:45:30 +0000 2023;1722158389953024155;"#Lowongan BESAR Maskapai PT Pelita Air Service, Info Terbaru 7 November 2023 (Banyak Posisi Dibuka | Anak Perusahaan BUMN PT. Pertamina (Persero)). Syarat, Lokasi &amp  Cara Melamar Baca Di: https://t.co/j0Gu9A6Q0C https://t.co/FsK5yGkrko";0;0;0;0;in;67523537;1722158389953024155;twitlowongan;https://twitter.com/twitlowongan/status/1722158389953024155
Wed Nov 08 06:14:23 +0000 2023;1722135457570701578;"Pelita Air pesawat apa sih.. blm pernah..";0;0;0;0;in;3411920059;1722135457570701578;kunfayakun_jadi;https://twitter.com/kunfayakun_jadi/status/1722135457570701578
Wed Nov 08 04:57:32 +0000 2023;1722116116775117115;"Merger Pelita Air dan Citilink Tunggu Garuda Sehat, Ini Kata Analis https://t.co/xjoNonuzMm #TempoBisnis";0;0;0;0;in;18129942;1722116116775117115;tempodotco;https://twitter.com/tempodotco/status/1722116116775117115
Wed Nov 08 03:58:12 +0000 2023;1722101185237450852;"@prihanfakri Asik betol agik namenye tu";0;1;0;0;in;1406825428342300677;1721960509703110736;pelitaair09;https://twitter.com/pelitaair09/status/1722101185237450852
Wed Nov 08 03:57:45 +0000 2023;1722101074520371281;"@eigunz Oiye wakakakakakaka";0;0;0;0;tl;1406825428342300677;1721954868792049864;pelitaair09;https://twitter.com/pelitaair09/status/1722101074520371281
Wed Nov 08 01:57:48 +0000 2023;1722070885811818741;"@appintheair can you add Pelita Air (Indonesian Airline)? Cause I can‚Äôt find it.";0;2;0;1;en;81526659;1722070885811818741;Chast89;https://twitter.com/Chast89/status/1722070885811818741
Tue Nov 07 18:49:55 +0000 2023;1721963207370391708;"@prihanfakri Wess ngeri eh, balegak yg pernah minom jaeger ni";0;1;0;0;in;1406825428342300677;1721960509703110736;pelitaair09;https://twitter.com/pelitaair09/status/1721963207370391708
Tue Nov 07 18:44:23 +0000 2023;1721961812101586949;"Bjir disamain kek thanos";0;0;0;0;in;1406825428342300677;1721961812101586949;pelitaair09;https://twitter.com/pelitaair09/status/1721961812101586949
Tue Nov 07 18:42:30 +0000 2023;1721961340838003047;"@prihanfakri Bagilah samsu";0;1;0;0;in;1406825428342300677;1721960509703110736;pelitaair09;https://twitter.com/pelitaair09/status/1721961340838003047
Tue Nov 07 18:42:01 +0000 2023;1721961218385297489;"Muka2 calon kuli";0;0;0;0;tl;1406825428342300677;1721961218385297489;pelitaair09;https://twitter.com/pelitaair09/status/1721961218385297489
Tue Nov 07 18:20:13 +0000 2023;1721955733821112654;"@eigunz Diculik namm, belom ketemu";0;1;0;0;in;1406825428342300677;1721947808629178591;pelitaair09;https://twitter.com/pelitaair09/status/1721955733821112654
Tue Nov 07 18:16:47 +0000 2023;1721954868792049864;"Oh mike, poor you";0;1;0;0;en;1406825428342300677;1721954868792049864;pelitaair09;https://twitter.com/pelitaair09/status/1721954868792049864
Tue Nov 07 18:06:15 +0000 2023;1721952215143964947;"Anteng2 tibe2 menang #KoalisiPerubahan @prihanfakri";0;0;0;0;in;1406825428342300677;1721952215143964947;pelitaair09;https://twitter.com/pelitaair09/status/1721952215143964947
Tue Nov 07 17:59:19 +0000 2023;1721950470342885841;"Hadehh bingung mana lembaga yg harus dipercaya lg, emang paling bener pemuda pancasila udah";0;0;0;1;in;1406825428342300677;1721950470342885841;pelitaair09;https://twitter.com/pelitaair09/status/1721950470342885841
Tue Nov 07 17:56:32 +0000 2023;1721949773497024562;"Beard papa ena bgt";0;0;0;1;in;1406825428342300677;1721949773497024562;pelitaair09;https://twitter.com/pelitaair09/status/1721949773497024562
Tue Nov 07 17:48:44 +0000 2023;1721947808629178591;"Ga lucu anjing";0;1;0;0;in;1406825428342300677;1721947808629178591;pelitaair09;https://twitter.com/pelitaair09/status/1721947808629178591
Tue Nov 07 17:22:13 +0000 2023;1721941135193718900;"Itu keliatan micnya masih nyicil kayaknya, muka2 nya muka org susah";0;0;0;0;in;1406825428342300677;1721941135193718900;pelitaair09;https://twitter.com/pelitaair09/status/1721941135193718900
Tue Nov 07 17:20:08 +0000 2023;1721940610414985507;"Dahlah";0;0;0;0;in;1406825428342300677;1721940610414985507;pelitaair09;https://twitter.com/pelitaair09/status/1721940610414985507
Tue Nov 07 17:18:47 +0000 2023;1721940272098230729;"Plis comeback kevin";0;0;0;0;en;1406825428342300677;1721940272098230729;pelitaair09;https://twitter.com/pelitaair09/status/1721940272098230729
Tue Nov 07 17:18:25 +0000 2023;1721940180159086845;"@beverlyIaurel Penasaran sm a very nice man itu";0;0;0;0;in;1406825428342300677;1721754961439277447;pelitaair09;https://twitter.com/pelitaair09/status/1721940180159086845
Tue Nov 07 12:45:01 +0000 2023;1721871377672892778;"Dirut Garuda Sebut Rencana Merger Citilink dan Pelita Air Masih dalam Penjajakan https://t.co/xeZPV4ZYAF #Merger";0;1;0;0;in;43799886;1721871377672892778;KontanNews;https://twitter.com/KontanNews/status/1721871377672892778
Tue Nov 07 12:38:45 +0000 2023;1721869800719400997;"@ArdinalH @hello_pelitaair @ArdinalH Hai, Kak Ardinal. Sebelumnya mohon maaf sudah buat kamu menunggu. Terkait kendala kamu, saat ini sudah kami bantu tindak lanjuti ke tim specialist kami di nomor laporan 347xxx32 ya Kak. Mohon menunggu informasi selanjutnya melalui email kamu. Terima kasih üôè -HY";0;0;0;0;in;498496042;1720474373478555820;traveloka;https://twitter.com/traveloka/status/1721869800719400997
Tue Nov 07 05:02:00 +0000 2023;1721754852236374079;"Pergi ke Pontianak sampai bali juga nggak kalah murah, terbangnya pasti termurah dengan dengan Sriwijaya, Citilink, dan Pelita Air ‚úàÔ∏è  Beli tiketnya di https://t.co/AT2gGfPEm8 sekarang! https://t.co/egJDLRxhqt  #Bulatkantiketmu #tiketMurah https://t.co/tkc9EAOpAu";0;0;0;1;in;276788200;1721754847937204517;tiket;https://twitter.com/tiket/status/1721754852236374079
Tue Nov 07 04:57:26 +0000 2023;1721753705199087981;"Kita bakal dukung anak muda kok kalo bukan anak presiden yang sedang menjabat yg nyalon, mana baru jadi walikota 2 thn, gak jelas juga prestasinya üòå";1;0;0;0;in;1406825428342300677;1721753705199087981;pelitaair09;https://twitter.com/pelitaair09/status/1721753705199087981
Tue Nov 07 04:53:23 +0000 2023;1721752687186985379;"@theblessedguy @idextratime Bisalah peringkat 5 masuk UEL #ErikTenHagStay";0;0;0;0;in;1406825428342300677;1721678771760284049;pelitaair09;https://twitter.com/pelitaair09/status/1721752687186985379
Tue Nov 07 04:52:35 +0000 2023;1721752484711117304;"Sok iye";0;0;0;0;tr;1406825428342300677;1721752484711117304;pelitaair09;https://twitter.com/pelitaair09/status/1721752484711117304
Tue Nov 07 04:50:53 +0000 2023;1721752054379729138;"Alhamdulillah selasa berkah";0;0;0;0;in;1406825428342300677;1721752054379729138;pelitaair09;https://twitter.com/pelitaair09/status/1721752054379729138
Tue Nov 07 04:47:15 +0000 2023;1721751143909585335;"Seneng bgt liat spurs kebantai, alhamdulillah";0;0;0;0;in;1406825428342300677;1721751143909585335;pelitaair09;https://twitter.com/pelitaair09/status/1721751143909585335
Tue Nov 07 04:30:00 +0000 2023;1721746800363847939;"Kapan lagi bisa liburan mewah naik Pelita Air Business Class? Bisa dapet banyak banget benefit dan kenyamanan saat terbang! Serbu promonya sekarang üò±üëá  https://t.co/xEtxBKA7SB  #Bulatkantiketmu #tiketMurah https://t.co/yFxLi6O1X0";0;0;0;3;in;276788200;1721746800363847939;tiket;https://twitter.com/tiket/status/1721746800363847939
Tue Nov 07 01:36:27 +0000 2023;1721703124463988759;"@yoga_ditoo Mantapp cukkk";0;0;0;0;in;1406825428342300677;1721006334739726549;pelitaair09;https://twitter.com/pelitaair09/status/1721703124463988759
Tue Nov 07 00:53:13 +0000 2023;1721692244598743161;"Merger Citilink dan Pelita Air Tunggu Garuda Sehat, Kenapa? https://t.co/ZXdlzgdWcx";0;0;0;0;in;1334789722502090752;1721692244598743161;ygsdgrindu;https://twitter.com/ygsdgrindu/status/1721692244598743161
Tue Nov 07 00:32:43 +0000 2023;1721687085869088951;"Merger Citilink &amp  Pelita Air Tunggu Garuda Sehat, Kenapa? https://t.co/7adT8C2JP6";0;0;0;0;in;847372542830444544;1721687085869088951;cnbcindonesia;https://twitter.com/cnbcindonesia/status/1721687085869088951
Mon Nov 06 23:30:25 +0000 2023;1721671409662095473;"@clonemesh @indoflyer Mudah2an Pelita Air";0;0;0;0;in;925921669637488641;1721334529309503524;IlmiYofie;https://twitter.com/IlmiYofie/status/1721671409662095473
Mon Nov 06 18:15:13 +0000 2023;1721592084128514108;"One more to go : PS5";0;0;0;0;en;1406825428342300677;1721592084128514108;pelitaair09;https://twitter.com/pelitaair09/status/1721592084128514108
Mon Nov 06 14:34:17 +0000 2023;1721536487379066926;"Wacana merger maskapai BUMN terus bergulir. Menurut Wamen BUMN, merger maskapai Citilink dan Pelita Air menunggu Garuda Indonesia sehat dulu. https://t.co/kSsRHlUVsW";0;0;0;3;in;23343960;1721536487379066926;kompascom;https://twitter.com/kompascom/status/1721536487379066926
Mon Nov 06 12:19:06 +0000 2023;1721502466225909826;"Soal Merger Pelita Air dan Citilink, Wamen BUMN: Tergantung Garuda, Sehat atau Enggak Akhir Tahun Ini https://t.co/P4gGLvKx4k #TempoBisnis";0;0;0;2;in;18129942;1721502466225909826;tempodotco;https://twitter.com/tempodotco/status/1721502466225909826
Mon Nov 06 11:32:27 +0000 2023;1721490726750712210;"Dah dibilang beli Guirassy-nya stuttgart ngeyel";0;0;0;0;in;1406825428342300677;1721490726750712210;pelitaair09;https://twitter.com/pelitaair09/status/1721490726750712210
Mon Nov 06 11:31:23 +0000 2023;1721490456553619895;"@pacak_leret Siapetu itu haries rachman? Supir AKAP kan?";0;0;0;0;in;1406825428342300677;1721457675903611109;pelitaair09;https://twitter.com/pelitaair09/status/1721490456553619895
Mon Nov 06 11:07:26 +0000 2023;1721484430089638078;"Bau2 kemenangan cipung mulai tercium";0;0;0;0;in;1406825428342300677;1721484430089638078;pelitaair09;https://twitter.com/pelitaair09/status/1721484430089638078
Mon Nov 06 11:03:09 +0000 2023;1721483354036720026;"Matanya pep ke talent muda ni unbelievable yak, padahal talentnya emg udh keliatan pas QF euro 2020 vs Italia, tp karena kalah jd gabegitu dihighlight";0;0;0;0;in;1406825428342300677;1721483354036720026;pelitaair09;https://twitter.com/pelitaair09/status/1721483354036720026
Mon Nov 06 11:00:28 +0000 2023;1721482675712922102;"Naiss";0;0;0;0;tl;1406825428342300677;1721482675712922102;pelitaair09;https://twitter.com/pelitaair09/status/1721482675712922102
Mon Nov 06 10:58:18 +0000 2023;1721482132126851205;"Latihan diteras rumah yak om kalo gamau dikritik pelatih";0;0;0;0;in;1406825428342300677;1721482132126851205;pelitaair09;https://twitter.com/pelitaair09/status/1721482132126851205
Mon Nov 06 10:58:06 +0000 2023;1721482083510657388;"Wakil Menteri BUMN Kartika Wirjoatmodjo mengungkapkan keputusan merger Pelita Air dan Citilink bergantung kinerja Garuda Indonesia. #bisnisupdate #update #bisnis #text https://t.co/B6LlORsLRH";0;0;0;1;in;759692754985242625;1721482083510657388;kumparan;https://twitter.com/kumparan/status/1721482083510657388
Mon Nov 06 10:57:11 +0000 2023;1721481851477626883;"@prihanfakri Ujan ke ape kok merinding";0;0;0;0;in;1406825428342300677;1721476125376098384;pelitaair09;https://twitter.com/pelitaair09/status/1721481851477626883
Mon Nov 06 10:54:47 +0000 2023;1721481246805766573;"@pacak_leret Saya bukan dokter, tp kalo menurut para ahli kalo gak yg tiap hari latian cardio (atlet proffesional) disarankan dibawah 35 thn, saran diatas 35 thn olahraga dengan intensitas lebih ringan seperti tenis, renang, dll.";0;1;0;0;in;1406825428342300677;1721457675903611109;pelitaair09;https://twitter.com/pelitaair09/status/1721481246805766573
Mon Nov 06 09:21:07 +0000 2023;1721457675903611109;"Kapan sih orang2 sadar kalo umur 40an itu udh gak disarankan olahraga intensitas tinggi kayak bola atau futsal?";0;1;0;0;in;1406825428342300677;1721457675903611109;pelitaair09;https://twitter.com/pelitaair09/status/1721457675903611109
Mon Nov 06 08:09:19 +0000 2023;1721439607005602062;"demi allah kenapa citilink lebih sempit dari pelita air!!???? https://t.co/BQD0Pi6MK6";0;1;0;0;in;1714575306751918080;1721439607005602062;eastjakartaboys;https://twitter.com/eastjakartaboys/status/1721439607005602062
Mon Nov 06 07:49:00 +0000 2023;1721434493318512957;"Sumpah wasit2 yg menangani tim favorit gue lg pada kenapasih bgst";0;0;0;0;in;1406825428342300677;1721434493318512957;pelitaair09;https://twitter.com/pelitaair09/status/1721434493318512957
Mon Nov 06 06:29:32 +0000 2023;1721414493744558504;"3 Maskapai Plat Merah Direncanakan Jadi Satu Naungan Sub Holding Injourney https://t.co/iOjrXkaEa2 @injourneyID @KemenBUMN @IndonesiaGaruda @Citilink @hello_pelitaair https://t.co/E8QEbTJQ3E";0;0;0;0;in;811897280563290112;1721414493744558504;KoranBUMN;https://twitter.com/KoranBUMN/status/1721414493744558504
Mon Nov 06 02:21:09 +0000 2023;1721351986640249123;"Pelita Air Tambah Rute Penerbangan ke Banjarmasin https://t.co/HPcqfvsa45";0;0;0;0;in;1380017096390676483;1721351986640249123;Fortune_IDN;https://twitter.com/Fortune_IDN/status/1721351986640249123
Mon Nov 06 01:20:00 +0000 2023;1721336596908405186;"Pelita Air lagi-lagi menambah rute destinasi domestik. Pada kali ini Banjarmasin, Kalimantan Selatan yang menjadi tujuan.  #PelitaAir  https://t.co/psnvX1Lmx4";0;0;0;0;in;902837643024539651;1721336596908405186;medcom_id;https://twitter.com/medcom_id/status/1721336596908405186
Sun Nov 05 22:13:38 +0000 2023;1721289695873602024;"Garuda Indonesia, Citilink, dan Pelita Air direncanakan masuk pada ‚Äùsubholding‚Äù aviasi di bawah manajemen InJourney. #Ekonomi #AdadiKompas   https://t.co/voC8pHECCf";0;0;0;1;in;255866913;1721289695873602024;hariankompas;https://twitter.com/hariankompas/status/1721289695873602024
Sun Nov 05 19:01:21 +0000 2023;1721241306159337737;"Ga gitu dong ajg wkwkwkw";0;0;0;0;in;1406825428342300677;1721241306159337737;pelitaair09;https://twitter.com/pelitaair09/status/1721241306159337737
Sun Nov 05 18:30:48 +0000 2023;1721233617538732509;"Ya tp wajarsih mainnya jelek gapantes menang jg";0;0;0;0;in;1406825428342300677;1721233507631157353;pelitaair09;https://twitter.com/pelitaair09/status/1721233617538732509
Sun Nov 05 18:30:21 +0000 2023;1721233507631157353;"Anjing ilang 2 poin ktlllll";0;1;0;0;tl;1406825428342300677;1721233507631157353;pelitaair09;https://twitter.com/pelitaair09/status/1721233507631157353
Sun Nov 05 18:29:03 +0000 2023;1721233179011653651;"Wkwkwkwkwkwkw";0;0;0;0;in;1406825428342300677;1721233179011653651;pelitaair09;https://twitter.com/pelitaair09/status/1721233179011653651
Sun Nov 05 18:26:48 +0000 2023;1721232614332494233;"Wkwkwkwkwk sial";0;0;0;0;in;1406825428342300677;1721232614332494233;pelitaair09;https://twitter.com/pelitaair09/status/1721232614332494233
Sun Nov 05 17:13:14 +0000 2023;1721214098338394271;"Mccalister bukan DM anjenggggg woii sadar woii @JurgenKloppo1";0;0;0;0;in;1406825428342300677;1721214098338394271;pelitaair09;https://twitter.com/pelitaair09/status/1721214098338394271
Sun Nov 05 17:05:20 +0000 2023;1721212112356458679;"Tingkatkan Pelayanan Pelita Air Tambah Rute ke Banjarmasin https://t.co/lhxs4Sbpew https://t.co/U8CXkp3eHz";0;0;0;0;in;995882060416892928;1721212112356458679;news24_coid;https://twitter.com/news24_coid/status/1721212112356458679
Sun Nov 05 16:32:35 +0000 2023;1721203870259724330;"Gile stadion luton ni macam kebon sajoek wkwkwk";0;0;0;0;in;1406825428342300677;1721203870259724330;pelitaair09;https://twitter.com/pelitaair09/status/1721203870259724330
Sun Nov 05 13:20:00 +0000 2023;1721155402891710813;"Pelita Air lagi-lagi menambah rute destinasi domestik. Pada kali ini Banjarmasin, Kalimantan Selatan yang menjadi tujuan.   #PelitaAir   https://t.co/psnvX1Lmx4";0;0;0;0;in;902837643024539651;1721155402891710813;medcom_id;https://twitter.com/medcom_id/status/1721155402891710813
Sun Nov 05 11:35:15 +0000 2023;1721129043960217832;"Masa ga ditelen, cupu";0;0;0;0;in;1406825428342300677;1721129043960217832;pelitaair09;https://twitter.com/pelitaair09/status/1721129043960217832
Sun Nov 05 10:09:22 +0000 2023;1721107428488761645;"@TLD_Survive Demi apa aku bacanya pelita air bersih.. like .. air=wo ah *my bilinguals ngelag dikit* üò≠ sumber air sudekatt";0;1;0;0;in;246069349;1721100331503980736;coreelinzz;https://twitter.com/coreelinzz/status/1721107428488761645
Sun Nov 05 09:41:10 +0000 2023;1721100331503980736;"Pelita Air bersih and ontime sukak !   Eh tapi ada mas mas boti pramugaranya gemesss üòÅüòÅ https://t.co/vltKub1lJ0";0;7;0;10;in;1681443966850596871;1721100331503980736;TLD_Survive;https://twitter.com/TLD_Survive/status/1721100331503980736
Sun Nov 05 05:24:49 +0000 2023;1721035820436684835;"Gemas eh liat lipatan lehernye";0;0;0;0;in;1406825428342300677;1721035820436684835;pelitaair09;https://twitter.com/pelitaair09/status/1721035820436684835
Sun Nov 05 05:17:14 +0000 2023;1721033913760665862;"The Real of ‚Äúgadis kretek‚Äù";0;0;0;0;en;1406825428342300677;1721033913760665862;pelitaair09;https://twitter.com/pelitaair09/status/1721033913760665862
Sun Nov 05 05:14:38 +0000 2023;1721033258253922536;"Prittt offsideeeee";0;0;0;1;en;1406825428342300677;1721033258253922536;pelitaair09;https://twitter.com/pelitaair09/status/1721033258253922536
Sun Nov 05 05:10:51 +0000 2023;1721032306797019427;"@aryodwiw_ Fak israel";0;0;0;0;en;1406825428342300677;1721024308351578239;pelitaair09;https://twitter.com/pelitaair09/status/1721032306797019427
Sun Nov 05 05:10:35 +0000 2023;1721032238769582176;"@yoga_ditoo Shapp bosskuh nichontol jackson dan starling dan gallagher one direction bersatu menyikat ayam sayur";0;1;0;0;in;1406825428342300677;1721006334739726549;pelitaair09;https://twitter.com/pelitaair09/status/1721032238769582176
Sun Nov 05 03:50:31 +0000 2023;1721012087185654058;"Lololo ga bahaya ta";0;0;0;0;tl;1406825428342300677;1721012087185654058;pelitaair09;https://twitter.com/pelitaair09/status/1721012087185654058
Sun Nov 05 03:27:39 +0000 2023;1721006334739726549;"Liat aja anjing nanti";0;1;0;0;in;1406825428342300677;1721006334739726549;pelitaair09;https://twitter.com/pelitaair09/status/1721006334739726549
Sat Nov 04 18:32:08 +0000 2023;1720871569176904034;"Aryo anjing emg wkwkwkw jadi kepikiran terus gue bgst";0;1;0;0;in;1406825428342300677;1720871569176904034;pelitaair09;https://twitter.com/pelitaair09/status/1720871569176904034
Sat Nov 04 14:28:02 +0000 2023;1720810138565738812;"culture shock naik pelita air dikasi beginiannn https://t.co/AxadzLymwA";0;1;0;0;in;1145380108993101825;1720807517150925109;yourdenisey;https://twitter.com/yourdenisey/status/1720810138565738812
Sat Nov 04 13:18:09 +0000 2023;1720792548518883557;"Dirut Garuda Indonesia Irfan Setiaputra pastikan merger dengan Citilink dan Pelita Air belum diputuskan. #bisnisupdate #update #bisnis #text https://t.co/yqP4ZIgwYA";0;0;1;1;in;759692754985242625;1720792548518883557;kumparan;https://twitter.com/kumparan/status/1720792548518883557
Sat Nov 04 08:37:44 +0000 2023;1720721981845409835;"@theblessedguy Wkwkwkwkwkwk";0;0;0;0;in;1406825428342300677;1720665764854997188;pelitaair09;https://twitter.com/pelitaair09/status/1720721981845409835
Sat Nov 04 08:37:30 +0000 2023;1720721921644581083;"@aulawey Dinasti asw";0;0;0;0;in;1406825428342300677;1720673765535965376;pelitaair09;https://twitter.com/pelitaair09/status/1720721921644581083
Sat Nov 04 06:15:43 +0000 2023;1720686241304526858;"@ArdinalH @hello_pelitaair @ArdinalH Hai Kak Ardinal. Mohon menunggu untuk konfirmasi selanjutnya ya. -HM";0;2;0;0;in;498496042;1720474373478555820;traveloka;https://twitter.com/traveloka/status/1720686241304526858
Sat Nov 04 06:08:51 +0000 2023;1720684514341683572;"@traveloka @hello_pelitaair Ada update Min?";0;1;0;0;en;1312398401359634432;1720474373478555820;ArdinalH;https://twitter.com/ArdinalH/status/1720684514341683572
Sat Nov 04 05:26:08 +0000 2023;1720673765535965376;"Ni dari berbagai wawancara ganjar-mahfud yakin bgt bakal jadi ya kayaknya, sadar gak si lawannya prabowo gibran? Wkwkwkwkw";0;1;0;0;in;1406825428342300677;1720673765535965376;pelitaair09;https://twitter.com/pelitaair09/status/1720673765535965376
Sat Nov 04 05:21:25 +0000 2023;1720672575951683761;"@theblessedguy Wkwkwk 1/2 angkatan di DO";0;1;0;0;in;1406825428342300677;1720665764854997188;pelitaair09;https://twitter.com/pelitaair09/status/1720672575951683761
Sat Nov 04 04:02:07 +0000 2023;1720652618945659244;"Merger Citilink dan Pelita Air, Manuver Baru atau Berujung Jalan Buntu? https://t.co/puWMUM7Y4G";0;0;1;0;in;118646322;1720652618945659244;Bisniscom;https://twitter.com/Bisniscom/status/1720652618945659244
Sat Nov 04 02:23:05 +0000 2023;1720627698630848924;"@april_hamsa wingi adekku naik pswt jkt sby pelita air 900k utk sekali jalan ü´£ü§ìüòÜ";0;0;0;0;in;59985478;1720611240861385110;nurulrahma;https://twitter.com/nurulrahma/status/1720627698630848924
Fri Nov 03 22:36:07 +0000 2023;1720570577826832880;"Merger Pelita Air dan Citilink Milik GIAA Terancam Batal, Mengapa? https://t.co/Bf42ahQvDi";0;0;0;0;in;118646322;1720570577826832880;Bisniscom;https://twitter.com/Bisniscom/status/1720570577826832880
Fri Nov 03 16:44:42 +0000 2023;1720482142361416122;"@ArdinalH @hello_pelitaair @ArdinalH Saat ini mimin bantu teruskan ke tim mimin dulu ya. Terima kasih. -AN";0;0;0;0;in;498496042;1720474373478555820;traveloka;https://twitter.com/traveloka/status/1720482142361416122
Fri Nov 03 16:21:47 +0000 2023;1720476376472674377;"@traveloka @hello_pelitaair Jadi udah bayar lebih mahal namun tidak ada kursinya ü§£";0;0;0;0;in;1312398401359634432;1720474373478555820;ArdinalH;https://twitter.com/ArdinalH/status/1720476376472674377
Fri Nov 03 16:17:01 +0000 2023;1720475175605706856;"@ArdinalH @hello_pelitaair @ArdinalH Hai Kak Ardinal. Mohon maaf atas ketidaknyamanannya. Mohon infokan detail kendalanya via DM untuk pengecekan lebih lanjut. Terima kasih. -AN";0;4;0;0;in;498496042;1720474373478555820;traveloka;https://twitter.com/traveloka/status/1720475175605706856
Fri Nov 03 13:34:51 +0000 2023;1720434365669519865;"@eigunz 16 desember wkwkw";0;0;0;0;in;1406825428342300677;1720415963395555463;pelitaair09;https://twitter.com/pelitaair09/status/1720434365669519865
Fri Nov 03 12:48:30 +0000 2023;1720422700416639275;"Tinggal jawab ‚Äúyg penting itunya sm km kan syg‚Äù";0;1;0;0;in;1406825428342300677;1720422700416639275;pelitaair09;https://twitter.com/pelitaair09/status/1720422700416639275
Fri Nov 03 12:45:25 +0000 2023;1720421923543507349;"Memang koas gabole megang pasien blok";0;0;0;0;in;1406825428342300677;1720421923543507349;pelitaair09;https://twitter.com/pelitaair09/status/1720421923543507349
Fri Nov 03 12:33:36 +0000 2023;1720418950524367322;"Mau menang epl gak pe?";0;0;0;0;in;1406825428342300677;1720418950524367322;pelitaair09;https://twitter.com/pelitaair09/status/1720418950524367322
Fri Nov 03 12:26:00 +0000 2023;1720417038060183793;"Dalam hatinya : anying keren bet guweh";0;0;0;0;in;1406825428342300677;1720417038060183793;pelitaair09;https://twitter.com/pelitaair09/status/1720417038060183793
Fri Nov 03 12:24:27 +0000 2023;1720416649755635905;"Mane mctom same ETH ni? Anjj";0;0;0;0;et;1406825428342300677;1720416649755635905;pelitaair09;https://twitter.com/pelitaair09/status/1720416649755635905
Fri Nov 03 12:22:58 +0000 2023;1720416275133022208;"@eigunz @tanyarlfes Wkwkwkwkwkwkwkwkwkwkw anying lucu bat";0;1;0;0;in;1406825428342300677;1720398719781327162;pelitaair09;https://twitter.com/pelitaair09/status/1720416275133022208
Fri Nov 03 12:21:44 +0000 2023;1720415963395555463;"#TenHagStaySampai17Desember";0;1;0;0;qht;1406825428342300677;1720415963395555463;pelitaair09;https://twitter.com/pelitaair09/status/1720415963395555463
Fri Nov 03 12:17:05 +0000 2023;1720414793176428691;"Ini liga 1 lumayan enak diliat lg nih";0;0;0;0;in;1406825428342300677;1720414793176428691;pelitaair09;https://twitter.com/pelitaair09/status/1720414793176428691
Fri Nov 03 12:15:50 +0000 2023;1720414481774448766;"@eigunz @prihanfakri Kcg eh";0;0;0;0;tl;1406825428342300677;1720366331005116899;pelitaair09;https://twitter.com/pelitaair09/status/1720414481774448766
Fri Nov 03 11:10:07 +0000 2023;1720397940618113434;"Usai Pesawat Boeing Garuda, Airbus Pelita Air Bakal Jajal Tenggak Bioavtur https://t.co/nmyj5iQk9q";0;0;1;0;in;118646322;1720397940618113434;Bisniscom;https://twitter.com/Bisniscom/status/1720397940618113434
Fri Nov 03 10:07:57 +0000 2023;1720382296338170071;"@eigunz Sukenye";0;0;0;0;ht;1406825428342300677;1720366331005116899;pelitaair09;https://twitter.com/pelitaair09/status/1720382296338170071
Fri Nov 03 08:47:08 +0000 2023;1720361957243728001;"Mbeumo diawal2 ketutupan Toney, akhir2 ini mulai menampakkan tajinya";0;0;0;0;in;1406825428342300677;1720361957243728001;pelitaair09;https://twitter.com/pelitaair09/status/1720361957243728001
Fri Nov 03 08:05:19 +0000 2023;1720351436763258893;"damn pelita air rame banget coy udah kek di bus";0;0;0;0;in;1714575306751918080;1720351436763258893;eastjakartaboys;https://twitter.com/eastjakartaboys/status/1720351436763258893
Fri Nov 03 07:56:58 +0000 2023;1720349334385103118;"Next VVD?";0;0;0;0;nl;1406825428342300677;1720349334385103118;pelitaair09;https://twitter.com/pelitaair09/status/1720349334385103118
Fri Nov 03 07:55:31 +0000 2023;1720348968499253715;"Kalo klopp dikasi duit 250 juta euro udah juara ucl 3x berturut2 kayaknya ü§≠ü§≠ü§≠";0;0;0;0;in;1406825428342300677;1720348968499253715;pelitaair09;https://twitter.com/pelitaair09/status/1720348968499253715
Fri Nov 03 07:50:08 +0000 2023;1720347613902643503;"Karena dia tau min, gamungkin dia menang UCL dlm waktu dekat ini, mungkin tunggu yajuj majuj";0;0;0;0;in;1406825428342300677;1720347613902643503;pelitaair09;https://twitter.com/pelitaair09/status/1720347613902643503
Fri Nov 03 07:48:17 +0000 2023;1720347149127622701;"Ntah gimana gue yakin eth dipecat, tau sendiri fans munyuk gasabaran sumbu pendek";0;0;0;0;in;1406825428342300677;1720347149127622701;pelitaair09;https://twitter.com/pelitaair09/status/1720347149127622701
Fri Nov 03 07:47:06 +0000 2023;1720346851088712167;"@MustikaSM1 Mesti milih e prabowo to koe";0;1;0;0;in;1406825428342300677;1720319737517998377;pelitaair09;https://twitter.com/pelitaair09/status/1720346851088712167
Fri Nov 03 07:46:35 +0000 2023;1720346719450452172;"@prihanfakri @MataNajwa Rase taik lah kalau gitu";0;1;0;0;in;1406825428342300677;1720067601945313564;pelitaair09;https://twitter.com/pelitaair09/status/1720346719450452172
Fri Nov 03 06:49:35 +0000 2023;1720332376948298059;"@kingHenXXX Pelita air ya? üòç‚ù§Ô∏èüíöüíô";0;1;0;1;in;1647204639673311233;1720313654984544691;byirf4n;https://twitter.com/byirf4n/status/1720332376948298059
Fri Nov 03 06:24:16 +0000 2023;1720326007612481620;"Kemungkinan, Citilink, Pelita Air dan Garuda masuk jadi subholding BUMN Aviasi di bawah Injourney. https://t.co/fJB83ghJ1C";0;0;1;3;in;23343960;1720326007612481620;kompascom;https://twitter.com/kompascom/status/1720326007612481620
Fri Nov 03 06:10:09 +0000 2023;1720322452830736483;"Perubahan Rencana Merger Citilink dan Pelita Air, Ini Bocorannya https://t.co/unljZA4BZC https://t.co/b98kM5z9RW";0;0;0;0;in;155169715;1720322452830736483;soloposdotcom;https://twitter.com/soloposdotcom/status/1720322452830736483
Fri Nov 03 04:29:05 +0000 2023;1720297019447951385;"bahwa langkah ini merupakan komitmen Pelita Air dalam menjaga lingkungan dan mengurangi dampak negatif penerbangan terhadap perubahan iklim. Semoga langkah ini bisa menjadi contoh bagi maskapai lainnya untuk lebih peduli terhadap lingkungan.";0;0;0;0;in;1681196432848560128;1720297019447951385;alshadbert;https://twitter.com/alshadbert/status/1720297019447951385
Fri Nov 03 04:16:11 +0000 2023;1720293772100305368;"bahwa langkah ini merupakan upaya Pelita Air dalam mendukung keberlanjutan lingkungan. Semoga inisiatif ini dapat menjadi contoh bagi maskapai penerbangan lainnya untuk peduli terhadap bumi kita yang tercinta. ‚úà Ô∏è üåç";0;0;0;0;in;1675031723023929344;1720293772100305368;kaniaprnwti;https://twitter.com/kaniaprnwti/status/1720293772100305368
Fri Nov 03 01:26:52 +0000 2023;1720251161264234941;"Permintaan Penumpang Meningkat, Pelita Air Buka Rute Jakarta-Banjarmasin https://t.co/IbZBGEItwv via @Businessupdate.id";0;0;1;0;in;1610183865678823424;1720251161264234941;BusinesupdateID;https://twitter.com/BusinesupdateID/status/1720251161264234941
Thu Nov 02 22:33:11 +0000 2023;1720207452921372921;"Dengan kenaikan yang signifikan, apakah bisa membuat Pelita Air menjadi juara untuk penerbangan domestik? Gimana menurut kalian, guys? Share your thoughts in the comments ya! ‚úåüèºüí¨";0;0;0;0;in;798770586784702464;1720108510690594825;pinterpolitik;https://twitter.com/pinterpolitik/status/1720207452921372921
Thu Nov 02 22:33:01 +0000 2023;1720207412882477066;"Dengan kenaikan yang signifikan itu, Menteri BUMN Erick Thohir (@erickthohir) berencana untuk melakukan merger Pelita Air dengan Citilink.";0;1;0;0;in;798770586784702464;1720108510690594825;pinterpolitik;https://twitter.com/pinterpolitik/status/1720207412882477066
Thu Nov 02 22:32:47 +0000 2023;1720207352794919089;"Pada tahun 2023 ini, Pelita Air sudah kedatangan 9 pesawat Airbus A320 dari 11 pesawat yang sudah dipesan. Pelita Air juga berencana untuk menambah setidaknya 10 pesawat setiap tahun untuk memperkuat perusahaannya.";0;1;0;0;in;798770586784702464;1720108510690594825;pinterpolitik;https://twitter.com/pinterpolitik/status/1720207352794919089
Thu Nov 02 22:32:16 +0000 2023;1720207224696713685;"PT Pelita Air Service (PAS) yang merupakan maskapai penerbangan milik PT Pertamina (Persero) kini seolah ‚Äúterlahir kembali‚Äù setelah melakukan restrukturisasi perusahaan.";0;1;0;0;in;798770586784702464;1720108510690594825;pinterpolitik;https://twitter.com/pinterpolitik/status/1720207224696713685
Thu Nov 02 19:48:25 +0000 2023;1720165988359115215;"Yang tidak memakai armada Boeing: 1. AirAsia 2. Pelita Air Service 3. Super Air Jet 4. Susi Air 5. TransNusa 6. Wings Air";0;1;0;0;in;59111768;1720163181618966792;audhityahaha;https://twitter.com/audhityahaha/status/1720165988359115215
Thu Nov 02 19:37:16 +0000 2023;1720163181618966792;"Cara boikot: Tidak beli tiket pesawat yang memakai pesawat Boeing, seperti Daruga Indonesia dan Liong Air*, beralih ke TransNusa, Citilink**, Pelita Air dan Super Air Jet.";1;2;2;6;in;59111768;1720163181618966792;audhityahaha;https://twitter.com/audhityahaha/status/1720163181618966792
Thu Nov 02 16:02:36 +0000 2023;1720109161177047103;"Rencana Merger Citilink dan Pelita Air Berubah, Begini Penjelasan Detailnya https://t.co/LxKtO8URbs #beritajogja #jogja #jogjaistimewa https://t.co/HXvUKd22Cg";0;0;0;0;in;118371948;1720109161177047103;Harian_Jogja;https://twitter.com/Harian_Jogja/status/1720109161177047103
Thu Nov 02 13:53:13 +0000 2023;1720076599507423680;"Merger Citilink dan Pelita Air Dikabarkan Batal? Ini Bocorannya https://t.co/W03clVUN6v";0;0;0;1;in;118646322;1720076599507423680;Bisniscom;https://twitter.com/Bisniscom/status/1720076599507423680
Thu Nov 02 12:36:32 +0000 2023;1720057301623771396;"Tidak ada pembalap motor handal yang tidak pernah jatuh, tidak ada orang kaya yang tidak pernah kehilangan uang, dan tidak ada orang jatuh cinta yang tidak pernah patah hati -Robert T Kiyosaki";0;0;0;0;in;1406825428342300677;1720057301623771396;pelitaair09;https://twitter.com/pelitaair09/status/1720057301623771396
Thu Nov 02 12:00:49 +0000 2023;1720048313230336239;"Pikiran dokternya : cuk opo iki FWB FWB bangsat";0;0;0;0;in;1406825428342300677;1720048313230336239;pelitaair09;https://twitter.com/pelitaair09/status/1720048313230336239
Thu Nov 02 11:52:37 +0000 2023;1720046247657246846;"Tiga maskapai BUMN, Garuda Indonesia, Citilink, Pelita Air akan merger dan menjadi subholding aviasi di bawah InJourney. #bisnisupdate #update #bisnis #text https://t.co/X1vzEyKa8O";0;0;0;2;in;759692754985242625;1720046247657246846;kumparan;https://twitter.com/kumparan/status/1720046247657246846
Thu Nov 02 09:26:08 +0000 2023;1720009387874668851;"Maskapai Pelita Air membuka rute penerbangan baru, yakni Jakarta-Banjarmasin-Jakarta. https://t.co/k6p6n5LjYA";0;0;0;0;in;23343960;1720009387874668851;kompascom;https://twitter.com/kompascom/status/1720009387874668851
Thu Nov 02 09:15:52 +0000 2023;1720006802769838220;"Pisang goreng bu ninit terbaek";0;0;0;0;in;1406825428342300677;1720006802769838220;pelitaair09;https://twitter.com/pelitaair09/status/1720006802769838220
Thu Nov 02 06:46:31 +0000 2023;1719969218828050502;"Damnnnnn serigala uruguay auwwwww";0;1;0;0;tl;1406825428342300677;1719969218828050502;pelitaair09;https://twitter.com/pelitaair09/status/1719969218828050502
Thu Nov 02 05:57:09 +0000 2023;1719956793152122902;"Pelita Air kembali melakukan inovasi untuk semakin mengakomodir kebutuhan para penumpang setianya. #kumparanTRAVEL #newsupdate https://t.co/NdUEloqzlc";0;0;0;0;in;759692754985242625;1719956793152122902;kumparan;https://twitter.com/kumparan/status/1719956793152122902
Thu Nov 02 05:32:23 +0000 2023;1719950559107792931;"@pelitairservice halo pelita air, lagi hobby delay ya";0;0;0;0;in;1679191824165113857;1719950559107792931;manikmas888;https://twitter.com/manikmas888/status/1719950559107792931
Thu Nov 02 05:31:26 +0000 2023;1719950320418329080;"@hello_pelitaair HELLO PELITA AIR,LAGI HONBY DELAY YA???";0;0;0;0;in;1679191824165113857;1719950320418329080;manikmas888;https://twitter.com/manikmas888/status/1719950320418329080
Thu Nov 02 02:12:02 +0000 2023;1719900139513688167;"Manjakan Traveler, Pelita Air Terbang Jakarta-Banjarmasin Setiap Hari https://t.co/D5L33l702m";0;0;0;0;in;240113510;1719900139513688167;detikTravel;https://twitter.com/detikTravel/status/1719900139513688167
Wed Nov 01 23:46:31 +0000 2023;1719863518579888493;"Kerja Kolektif Outcall - Mjkrto  Baru kali ini naik Pelita Air (karena garuda tdk ada yg pagi alias kehabisan tiket), kursinya cukup nyaman ternyata Pelita ini‚Ä¶  Cuman gate-nya jauh euy, lumayan bakar kalori pagi2üòì, untung tadi malam aku nggak treadmillü§£ü§£ https://t.co/EM9BbOkFcj";0;0;0;0;in;207518274;1719863518579888493;NLVogue01;https://twitter.com/NLVogue01/status/1719863518579888493
Wed Nov 01 23:26:12 +0000 2023;1719858406604107831;"@prihanfakri Cukrukuku";0;0;0;0;in;1406825428342300677;1719823627124904374;pelitaair09;https://twitter.com/pelitaair09/status/1719858406604107831
Wed Nov 01 15:23:20 +0000 2023;1719736889174020451;"2 1/2 men without charlie sheen is a just bunch of craps";0;0;0;0;en;1406825428342300677;1719736889174020451;pelitaair09;https://twitter.com/pelitaair09/status/1719736889174020451
Wed Nov 01 15:12:03 +0000 2023;1719734051333091738;"@indoflyer Pelita Air, Citilink, TransNusa, Super Air Jet, cocok untuk perintis, Citilink bisa pake HLP-JOG,";0;0;0;0;in;973113415160877056;1719709026550685918;arynthn;https://twitter.com/arynthn/status/1719734051333091738
Wed Nov 01 15:08:00 +0000 2023;1719733030523380122;"@pacak_leret Waleee deep eh";0;0;0;0;tl;1406825428342300677;1719610676556320860;pelitaair09;https://twitter.com/pelitaair09/status/1719733030523380122
Wed Nov 01 14:52:28 +0000 2023;1719729121167860079;"Citilink, Pelita Air, Transnusa";0;0;0;0;in;471937332;1719729121167860079;gabrieladipr;https://twitter.com/gabrieladipr/status/1719729121167860079
Wed Nov 01 13:55:34 +0000 2023;1719714801549742549;"Pengalaman Menjajal Rute Baru Pelita Air Jakarta - Banjarmasin https://t.co/K7UgFklfUC #TrenAsia";0;0;0;0;in;1675698038625673219;1719714801549742549;trenasiadotcom;https://twitter.com/trenasiadotcom/status/1719714801549742549
Wed Nov 01 11:21:32 +0000 2023;1719676039906156938;"A-1327 dan A-1328  Keduanya merupakan L-100-30 Hercules hibah dari Pelita Air pada tahun 1995 https://t.co/y2HHH6F4aB";0;0;5;21;in;552637929;1719672170732036552;tweetmiliter;https://twitter.com/tweetmiliter/status/1719676039906156938
Wed Nov 01 11:12:37 +0000 2023;1719673795387253165;"Pengumuman! Pelita Air Buka Rute Jakarta - Banjarmasin https://t.co/HtXeGoRJ6U #TrenAsia";0;0;0;0;in;1675698038625673219;1719673795387253165;trenasiadotcom;https://twitter.com/trenasiadotcom/status/1719673795387253165
Wed Nov 01 11:07:26 +0000 2023;1719672492367990863;"Water Salute Sambut Pelita Air di Bandara Syamsudin Noor Kalsel, Maskapai Baru Tambah Rute https://t.co/FjuEf3gKyt lewat @banjarmasinpost";0;0;0;0;in;65639033;1719672492367990863;banjarmasinpost;https://twitter.com/banjarmasinpost/status/1719672492367990863
Wed Nov 01 10:34:06 +0000 2023;1719664104464642520;"Potret Perjalanan Rute Baru Pelita Air Jakarta-Banjarmasin https://t.co/m3hCxN9uFo";0;0;0;0;in;1582972008479920129;1719664104464642520;BloombergTZ;https://twitter.com/BloombergTZ/status/1719664104464642520
Wed Nov 01 09:46:26 +0000 2023;1719652107756945491;"Pelita Air Terbang Perdana Jakarta-Banjarmasin, Ramah Lingkungan Lho https://t.co/drStqB1cz7";0;0;0;1;in;240113510;1719652107756945491;detikTravel;https://twitter.com/detikTravel/status/1719652107756945491
Wed Nov 01 09:20:46 +0000 2023;1719645649514508306;"Touchdown CGK, thank u @hello_pelitaair akhirnya ada yg bisa dijadikan pilihan murah dibanding Si maskapai singa yg Sombong &amp  Problematik itu üôåüèæ";0;0;0;0;in;1673129417898618880;1719645649514508306;kopipaiiitt;https://twitter.com/kopipaiiitt/status/1719645649514508306
Wed Nov 01 09:15:09 +0000 2023;1719644232267563244;"Pelita Air buka rute baru Jakarta - Banjarmasin https://t.co/WRjHv8g938";0;0;0;0;in;1203876160469266433;1719644232267563244;antarabiz;https://twitter.com/antarabiz/status/1719644232267563244
Wed Nov 01 08:48:59 +0000 2023;1719637650586710020;"Pulang dari jkt - pku .. Naik pelita air @hello_pelitaair .. Oknum petugas bagasi ny bnr2 dah .. Gk tau juga nih oknum petugas yg di bandara Soeta atau bandara Sutan Syarif Kasim II pekanbaru yg ngerjain sayaa.. Jam saya d tas ilaaang..üò©";0;1;0;0;in;1223229357801361409;1719637650586710020;BentarLgiKaya;https://twitter.com/BentarLgiKaya/status/1719637650586710020
Wed Nov 01 07:01:39 +0000 2023;1719610637599596706;"@redbloomsz 800rb ada tadi pelita air. Buat tgl 8 nov";0;1;0;0;in;237298197;1719605559660532004;Ducksss777;https://twitter.com/Ducksss777/status/1719610637599596706
Wed Nov 01 06:54:55 +0000 2023;1719608942630985940;"@tempeultra Pelita air 700rb bunndd";0;1;0;0;in;1143022927882801155;1719608114528538728;nickyrp__;https://twitter.com/nickyrp__/status/1719608942630985940
Wed Nov 01 06:51:35 +0000 2023;1719608106152505465;"Pelita Air Tambah Rute Jakarta-Banjarmasin PP, Ini Jadwalnya https://t.co/q0rMBCzxQc";0;0;0;0;in;388190238;1719608106152505465;IDNTimes;https://twitter.com/IDNTimes/status/1719608106152505465
Wed Nov 01 06:20:04 +0000 2023;1719600173423497226;"Mengenai Merger Citilink dengan Pelita Air https://t.co/7gMVuSnBev #HLKompasiana";0;0;0;0;in;23786106;1719600173423497226;kompasiana;https://twitter.com/kompasiana/status/1719600173423497226
Wed Nov 01 03:55:10 +0000 2023;1719563708131885168;"Mengenai Merger Citilink dengan Pelita Air https://t.co/k2Q80zQBqU";0;0;0;0;in;23786106;1719563708131885168;kompasiana;https://twitter.com/kompasiana/status/1719563708131885168
Wed Nov 01 03:21:39 +0000 2023;1719555271050297493;"Keren bgt gweh naik penerbangan perdananya pelita air tujuan CGK-BJMü§ò https://t.co/W8sFNOv0Y3";0;0;0;3;in;1064815273;1719555271050297493;miftahhifz;https://twitter.com/miftahhifz/status/1719555271050297493
Wed Nov 01 02:33:32 +0000 2023;1719543165219454986;"Terbang perdana ke Banjarmasin mulai 1 November 2023   Jakarta ‚ûú Banjarmasin Pkl. 10.30 - 13.30 Banjarmasin ‚ûú Jakarta Pkl. 14.10 - 15.15  Yuk pesan tiket #PelitaAir melalui https://t.co/HccX6ISYOB atau Download #SuperAppsMMBC di PlayStore https://t.co/2sS5jamU10  Salam sukses. https://t.co/dAoIA21og1";0;0;0;2;in;1656916126805417984;1719543165219454986;gustavommb48706;https://twitter.com/gustavommb48706/status/1719543165219454986
Wed Nov 01 02:27:22 +0000 2023;1719541612370596001;"@klikmbcofficial ke Banjarmasin naik Pelita Air, Beli tiketnya di MMBC.";0;0;0;1;in;1040439516;1719529864250998803;ibnuhajaaaar;https://twitter.com/ibnuhajaaaar/status/1719541612370596001
Wed Nov 01 02:24:51 +0000 2023;1719540979286553084;"@klikmbcofficial terbang bersama pelita air ke Banjarmasin dan booking di sistem MMBC pastinya üëè";0;0;0;1;in;1633442885424250881;1719529864250998803;HafizaSesti;https://twitter.com/HafizaSesti/status/1719540979286553084
Wed Nov 01 02:22:40 +0000 2023;1719540428842873012;"@klikmbcofficial semakin mudah penerbangan ke banjarmasin dengan #PelitaAir  jangan lupa pesan tiket nya di MMBC Tour and Travel";0;0;0;1;in;1655907174860886017;1719529864250998803;subagyo08;https://twitter.com/subagyo08/status/1719540428842873012
Wed Nov 01 02:14:19 +0000 2023;1719538327504969747;"Yuk pesan tiket #PelitaAir melalui https://t.co/JaH85YMFqf atau Download #SuperAppsMMBC di PlayStore https://t.co/WhBDWUtVKq";0;0;0;5;in;1633450629573259265;1719538327504969747;Fatih_hamzahh31;https://twitter.com/Fatih_hamzahh31/status/1719538327504969747
Wed Nov 01 02:06:14 +0000 2023;1719536292105769216;"@klikmbcofficial #PelitaAir Terbang perdana ke Banjarmasin, pesan tiketnya di MMBCTRAVEL";0;0;0;1;in;1703596623891505152;1719529864250998803;rummi14826;https://twitter.com/rummi14826/status/1719536292105769216
Wed Nov 01 01:57:41 +0000 2023;1719534140989882374;"@klikmbcofficial Haiii kota Banjarmasinüì∑, Selamat datang PelitaAir di Banjarmasin..nikmati perjalanan ke Banjarmasin dengan PelitaAir. Jangan lupa beli ticketnya di MMBC.üì∑";0;0;0;1;in;1633644329192525825;1719529864250998803;dewie_widia;https://twitter.com/dewie_widia/status/1719534140989882374
Wed Nov 01 01:56:02 +0000 2023;1719533726609424892;"Terbang perdana ke Banjarmasin mulai 1 November 2023 bersama #PelitaAir  Nikmati kenyamanan terbang setiap hari, dengan jatah bagasi 20kg (gratis)  Yuk pesan tiket #PelitaAir melalui https://t.co/3gCM2GCAAP atau Download #SuperAppsMMBC di PlayStore https://t.co/OAiAeU5nyM https://t.co/iCXAv2KfCF";0;0;0;6;in;1633649081741635587;1719533726609424892;retnasusanti211;https://twitter.com/retnasusanti211/status/1719533726609424892
Wed Nov 01 01:40:42 +0000 2023;1719529866805284961;"Yuk pesan tiket #PelitaAir melalui https://t.co/a80XuTI9Yd atau Download #SuperAppsMMBC di PlayStore https://t.co/0edd0ASUIx  Salam sukses.";0;0;13;13;in;90622905;1719529864250998803;klikmbcofficial;https://twitter.com/klikmbcofficial/status/1719529866805284961
Wed Nov 01 01:40:41 +0000 2023;1719529864250998803;"Terbang perdana ke Banjarmasin mulai 1 November 2023 bersama #PelitaAir Nikmati kenyamanan terbang setiap hari, dengan jatah bagasi 20kg (gratis)  Jakarta ‚ûú Banjarmasin Pkl. 10.30 - 13.30 Banjarmasin ‚ûú Jakarta Pkl. 14.10 - 15.15 https://t.co/yC1V91fiQc";1;19;26;28;in;90622905;1719529864250998803;klikmbcofficial;https://twitter.com/klikmbcofficial/status/1719529864250998803
Tue Oct 31 06:42:05 +0000 2023;1719243325772042249;"@GerryS Pelita Air?";0;0;0;1;in;110290317;1719195040411791393;syahCFC;https://twitter.com/syahCFC/status/1719243325772042249
Tue Oct 31 06:26:16 +0000 2023;1719239344370946208;"@GerryS Pelita Air";0;0;0;1;in;2314603028;1719195040411791393;AminFumin;https://twitter.com/AminFumin/status/1719239344370946208
Tue Oct 31 06:22:27 +0000 2023;1719238385032970349;"info penerbangan domestik  Pelita Air Terbang Perdana dari Jakarta ke Banjarmasin  1 November 2023 https://t.co/8r2gNyVinQ";0;0;0;0;in;1650698798568738821;1719238385032970349;LcrTourTravel;https://twitter.com/LcrTourTravel/status/1719238385032970349
Tue Oct 31 05:38:53 +0000 2023;1719227422732947760;"@GerryS Pelita Air";0;0;0;1;in;2904075276;1719195040411791393;MS_Fialmar;https://twitter.com/MS_Fialmar/status/1719227422732947760
Tue Oct 31 04:35:34 +0000 2023;1719211485896081894;"@GerryS PELITA air";0;0;0;0;in;1434694235240861696;1719195040411791393;KDID17443838;https://twitter.com/KDID17443838/status/1719211485896081894
Tue Oct 31 04:24:56 +0000 2023;1719208810034991396;"@GerryS Pelita air";0;0;0;1;in;294955197;1719195040411791393;Aris_Munandar90;https://twitter.com/Aris_Munandar90/status/1719208810034991396
Tue Oct 31 00:41:51 +0000 2023;1719152670408319143;"Mencoba maskapai ke 3 BUMN, Pelita Air. https://t.co/V0fWdUjVtq";0;0;0;1;in;1547059411881177089;1719152670408319143;joshuarihi05;https://twitter.com/joshuarihi05/status/1719152670408319143
Mon Oct 30 15:25:24 +0000 2023;1719012636153811208;"@Andriansah @GerryS Air asia, citilink, pelita air, dan batik air. Klo naik garuda justru mostly pakai boeing kan, hanya A330 saja yang pakai airbus.";0;0;0;1;in;60542916;1718999703990493541;janpiterjan;https://twitter.com/janpiterjan/status/1719012636153811208
Mon Oct 30 15:12:08 +0000 2023;1719009297445851209;"@kegblgnunfaedh Yg gk pernah naik pesawat @AirAsiaGoID ngacung üòÑüòÑ keluar kota paling Garuda, Batik, Super Air Jet, dan Pelita Air yg lain ogah";0;0;0;0;in;1604878194984726533;1718651877305520439;Tukkkik1;https://twitter.com/Tukkkik1/status/1719009297445851209
Mon Oct 30 08:50:00 +0000 2023;1718913127931077010;"Pelita Air Kembali Perkuat Armadanya dengan Airbus A320, 2 Unit Segera Menyusul  https://t.co/hRGlRcmn9m";0;0;0;0;in;1504683416314585090;1718913127931077010;disway_id;https://twitter.com/disway_id/status/1718913127931077010
Mon Oct 30 06:00:09 +0000 2023;1718870383905096054;"Flight CGK - YIA @hello_pelitaair https://t.co/B8HwQW9GcY";0;0;0;1;in;535172539;1718870383905096054;muslimsyaebani;https://twitter.com/muslimsyaebani/status/1718870383905096054
Sun Oct 29 23:10:09 +0000 2023;1718767205180215442;"Armada Kesembilan dari 11 Pesawat yang Dipesan Pelita Air Sudah Tiba https://t.co/v7bS8NqFdW https://t.co/4KIHQuVUD2";0;0;0;0;in;2426238356;1718767205180215442;Rahmat_Hidayant;https://twitter.com/Rahmat_Hidayant/status/1718767205180215442
